ID,Age,Experience,Income,ZIP Code,Family,CCAvg,Education,Mortgage,Personal Loan,Securities Account,CD Account,Online,CreditCard
29,56,30,48,94539,1,2.2,3,0,0,0,0,1,1
3784,60,34,51,90028,3,1.4,3,0,0,0,0,0,0
4333,53,26,12,92672,2,1,2,0,0,0,0,0,1
2757,27,0,40,91301,4,1,3,0,0,0,0,1,0
1868,65,39,21,94553,2,0.4,1,0,0,0,0,0,0
2562,31,5,180,94720,1,2.9,3,144,1,1,0,0,0
3419,57,31,40,91775,3,1.4,3,0,0,0,1,1,1
2568,58,33,142,92333,2,3.9,1,0,0,0,0,0,1
4518,45,18,50,91902,3,2.5,2,0,0,0,0,1,0
3985,34,8,18,95741,4,0.3,1,0,0,0,0,0,0
1637,65,39,100,92122,4,1.7,3,0,0,0,0,0,1
892,32,6,120,94102,4,5.4,1,301,1,0,1,1,1
401,36,10,179,94542,3,6.6,1,0,1,0,0,1,0
2734,55,29,72,93107,3,0.3,2,147,0,0,0,0,0
3248,44,20,113,95032,2,3.3,1,0,0,0,0,1,1
3849,57,32,84,93106,4,1.3,3,0,0,0,0,0,1
3329,45,20,22,90230,1,0.1,1,0,0,0,0,0,0
2192,42,18,171,90027,2,8,1,0,0,0,0,1,0
2136,45,15,28,95039,1,0.75,3,0,0,1,0,0,0
360,32,6,32,93106,1,1.9,3,0,0,0,0,1,0
2241,41,17,81,92868,4,0.2,3,167,0,1,0,0,0
4023,35,5,81,94234,4,4,3,0,0,0,0,1,0
4533,48,22,133,90073,2,3.1,2,0,1,0,0,1,0
1174,24,-1,35,94305,2,1.7,2,0,0,0,0,0,0
1623,39,14,24,94611,2,0.3,2,0,0,0,0,1,0
4089,29,-1,71,94801,2,1.75,3,0,0,0,0,0,0
3405,39,14,21,94303,1,0.6,3,101,0,0,0,0,0
2178,31,7,108,94507,1,4,1,0,0,0,0,1,0
1404,32,6,51,93109,4,0.2,1,154,0,1,0,0,1
2794,57,33,122,94301,2,6,1,153,0,1,1,1,1
2387,31,5,72,94542,3,1.6,1,0,0,0,0,1,0
4814,49,23,60,95023,3,0.7,2,142,0,0,0,1,1
2584,37,11,71,91302,1,2.5,1,185,0,0,0,1,1
2960,38,12,43,94305,4,0.2,1,0,0,0,0,0,0
4953,29,3,53,94005,4,1.8,3,0,0,0,0,1,0
964,39,14,24,94305,2,0.3,2,0,0,0,0,0,0
103,53,23,44,93555,3,1,3,198,0,0,0,1,1
1240,51,26,12,90245,2,0.7,3,109,0,0,0,1,1
3260,33,8,54,92251,3,2.3,1,0,0,0,0,0,1
1454,29,5,85,90232,3,2.5,1,0,0,0,0,1,1
3983,24,0,119,94566,1,1.5,1,0,0,0,0,1,0
3335,40,14,30,94720,2,0.8,3,86,0,0,0,0,0
4612,34,7,52,93940,2,1,2,0,0,0,0,1,0
2920,35,10,64,94542,3,2.3,1,0,0,0,1,1,1
2648,61,37,155,91605,1,2.9,1,0,0,0,0,1,0
72,53,29,69,93907,4,1,2,0,0,0,0,1,0
780,53,28,192,94304,2,6.4,3,0,1,0,0,0,0
4804,48,24,48,92064,2,2.1,3,0,0,0,0,1,0
3545,45,19,109,92037,3,1.1,1,0,0,0,0,0,0
4323,38,14,44,91320,2,1.7,1,0,0,0,0,0,0
2624,42,17,111,94304,3,3,1,0,1,1,1,0,1
1947,53,23,58,94720,4,2,3,0,0,0,0,1,1
2629,33,6,78,95819,4,2,2,0,0,1,0,1,0
1861,30,6,179,91103,3,4.9,1,142,1,0,0,1,0
3212,35,9,83,90277,2,4.5,3,0,0,0,0,1,0
1666,37,12,100,92735,3,1.2,3,341,0,0,0,1,1
2122,41,17,38,92182,4,2.2,2,180,0,0,0,0,1
309,32,8,128,94720,2,4.33,1,0,0,0,1,1,1
3096,49,25,43,94109,1,1.6,2,0,0,0,0,1,1
4997,30,4,15,92037,4,0.4,1,85,0,0,0,1,0
4083,32,6,83,90036,4,2.2,2,0,0,0,0,0,0
4404,50,24,112,92064,1,0,1,0,0,0,0,0,0
2281,33,7,30,94920,2,2,3,132,0,0,0,0,0
4208,37,11,51,93305,3,2.1,1,0,0,0,0,1,1
975,63,38,54,90401,3,2.2,1,0,0,0,0,1,0
624,44,19,34,95616,1,0.3,3,78,0,0,0,1,0
4300,30,5,73,90065,1,2.6,2,133,0,0,0,1,0
2675,30,6,101,90245,2,0.6,1,0,0,0,0,1,0
4467,34,10,60,90071,3,2.8,1,0,0,0,1,1,1
2268,38,13,168,92647,2,1.3,3,0,1,0,0,0,0
1604,36,6,138,92152,1,7,3,86,1,0,0,1,0
2598,47,23,163,92653,1,5,1,0,0,0,0,0,0
1480,28,4,43,91304,1,1,3,102,0,0,0,0,0
1250,51,27,80,90032,1,2.6,2,0,0,0,0,1,1
1498,45,21,73,95020,1,0.8,3,0,0,0,0,1,0
4117,24,-2,135,90065,2,7.2,1,0,0,0,0,1,0
1889,36,10,93,94305,1,2.8,3,0,0,0,0,1,0
3832,37,12,132,90089,2,3.9,1,0,0,0,0,0,0
2299,48,24,9,92630,4,0.5,2,0,0,0,0,0,1
3689,51,26,179,90245,1,8.1,1,0,0,1,0,1,0
3741,59,35,174,92660,1,4.7,1,0,0,0,0,1,1
3667,60,35,51,94143,2,2.8,1,0,0,0,0,1,0
3284,56,30,29,92152,4,0.7,2,87,0,0,0,1,0
321,60,34,64,90266,1,0.8,2,248,0,0,0,0,0
3704,67,41,78,94301,4,2.4,3,0,0,1,0,0,0
2432,56,31,54,91380,4,2.1,1,0,0,0,0,1,0
408,64,40,58,93437,1,1.8,3,0,0,0,0,1,0
3380,65,41,83,94305,3,2,3,0,0,0,0,1,0
389,54,30,100,95814,4,3.4,3,0,1,0,0,0,0
1448,52,28,145,94131,2,6.8,1,0,0,0,0,1,0
2956,54,29,44,95518,2,2.3,3,187,0,0,0,1,0
1099,46,20,114,90720,1,0,1,0,0,0,0,1,1
3020,58,33,39,94132,2,2.3,3,0,0,0,0,1,0
494,50,24,173,94720,1,1,1,0,0,0,0,1,1
3017,48,23,78,91423,4,3.6,3,0,0,0,0,1,0
1826,56,32,161,94720,1,5.8,3,0,1,1,0,0,0
570,40,14,70,95136,3,2.1,1,185,0,0,0,0,0
4892,56,31,61,90024,4,0.9,1,0,0,1,1,1,1
1063,47,21,83,92220,1,3.8,1,97,1,0,0,0,0
2341,33,9,44,94112,1,1.2,1,0,0,0,0,0,0
981,38,13,114,92697,1,1,3,0,0,0,0,1,1
4433,53,27,50,92660,2,0.8,3,0,0,0,0,1,0
4989,34,8,85,95134,1,2.5,1,136,0,0,0,0,1
10,34,9,180,93023,1,8.9,3,0,1,0,0,0,0
1044,51,27,21,95630,3,0.4,1,0,0,0,0,1,0
481,54,29,68,94998,3,1.6,3,0,0,0,0,1,1
279,50,26,21,91125,4,1,1,0,0,0,0,1,0
3646,42,17,79,92103,1,3.7,3,0,0,1,0,0,1
749,41,17,14,91330,1,1,1,0,0,0,0,0,0
3962,48,22,145,95482,1,0.3,1,140,0,0,0,1,0
298,55,25,70,93720,3,1.4,3,0,0,0,0,1,0
108,42,18,43,92037,1,0.7,1,136,0,0,0,0,0
2215,53,27,89,92735,1,0.8,3,146,0,0,0,1,1
1746,37,12,40,90065,2,1.1,2,0,0,1,0,0,1
1714,44,20,15,90405,1,1,1,0,0,0,0,1,0
4087,50,26,11,93106,4,0.2,1,0,0,1,0,0,0
167,25,1,21,95827,3,1,2,0,0,0,0,0,0
244,65,39,170,90095,3,7.9,3,99,1,0,1,1,0
4966,29,5,33,94709,1,1.8,2,78,0,0,0,1,0
3956,62,36,58,94501,1,0.8,2,0,0,0,0,0,0
4515,24,-3,41,91768,4,1,3,0,0,0,0,1,0
2813,53,28,183,96008,3,8.2,3,467,1,0,1,1,1
394,53,28,18,90095,4,0.1,3,109,0,1,1,1,1
4899,52,26,19,94143,1,1.4,3,96,0,0,0,1,0
4622,57,32,60,93407,3,1.7,1,0,0,1,1,1,1
4770,26,2,20,95064,4,1,1,116,0,0,0,0,0
541,25,-1,109,94010,4,2.3,3,314,0,0,0,1,0
418,53,29,83,90073,4,1,2,0,0,0,0,1,0
4552,27,0,28,91330,4,1.5,2,0,0,0,0,1,0
1460,47,20,38,92115,3,2.5,2,0,0,0,0,0,0
4294,63,38,41,90034,2,1.5,1,173,0,0,0,1,1
2016,30,5,141,95747,1,0.8,1,0,0,0,0,1,0
2959,66,41,65,92612,3,2.4,1,0,0,0,0,0,0
4249,58,33,138,90720,2,3.9,1,0,0,1,0,1,0
3534,57,32,50,94545,4,2.1,1,211,0,0,0,0,0
433,43,17,91,91311,1,5.7,1,0,0,0,0,1,0
1481,67,42,32,93943,1,1.1,3,0,0,0,0,0,1
2807,53,27,59,90740,2,0.8,3,0,0,0,0,1,0
1853,32,6,54,94596,4,1.8,3,167,0,0,0,0,0
3399,40,14,62,92028,2,2.4,2,0,0,0,0,1,1
2380,42,18,110,94720,2,6.1,1,182,0,0,0,1,0
2887,50,25,58,93940,1,1.3,2,0,0,0,0,1,0
2766,54,29,28,92093,4,0.2,2,101,0,0,0,1,0
4661,59,35,38,92122,1,0.8,1,0,0,0,0,1,0
4974,31,1,68,95045,4,4,3,0,0,0,0,1,0
2263,55,29,131,95070,2,0.7,2,0,1,0,0,0,1
531,54,30,21,91706,2,0.2,1,0,0,0,0,0,1
3166,63,37,140,91711,2,6.9,1,97,0,0,0,0,1
952,59,34,83,94105,2,3.4,3,0,1,0,0,1,0
2435,38,12,93,95616,1,5.2,1,267,0,0,0,1,0
1395,52,27,33,90095,2,0.7,2,0,0,0,0,0,1
1276,27,2,92,95616,2,3.1,1,178,0,0,0,1,0
819,51,27,42,95039,4,1.1,2,0,0,0,0,1,1
1908,42,18,115,93711,1,0.3,1,0,0,0,0,0,0
235,26,1,80,95616,1,0.8,2,150,0,0,0,0,0
801,31,7,173,91040,1,6,1,0,0,0,0,1,0
282,57,31,65,94118,4,2.6,3,0,0,0,0,0,1
191,60,36,93,92521,1,4.3,1,0,0,0,0,1,0
841,27,3,94,92373,2,0.2,1,310,0,0,0,0,1
638,53,28,31,90245,4,0.1,3,0,0,0,0,1,0
4799,44,20,62,91604,3,0.3,3,0,0,0,0,0,1
1236,54,28,60,94110,4,2.6,3,0,0,0,0,0,0
2293,57,33,170,95051,2,2.1,2,0,1,0,0,0,0
759,64,39,35,90266,1,1.5,2,0,0,1,0,0,0
2073,29,3,39,95831,4,0.2,1,137,0,0,0,1,1
1871,63,37,110,95032,1,4.1,3,0,1,0,0,0,0
660,63,39,79,93009,4,1.7,2,0,0,0,0,1,1
3882,46,20,55,91016,1,1.5,2,0,0,1,0,0,0
4597,37,13,61,95131,3,2.8,1,0,0,0,0,0,0
3553,51,27,22,93106,4,0.5,2,0,0,0,0,1,1
4058,57,32,38,90740,2,2.1,3,0,0,0,0,0,0
592,30,5,51,92037,1,1,1,0,0,0,0,1,0
3860,50,24,62,90245,1,1.4,3,0,0,0,0,0,0
1141,32,6,13,94611,4,0.3,1,0,0,0,0,1,1
2945,55,30,79,92182,2,0,3,0,0,0,0,0,0
2459,46,20,72,93108,2,0.8,3,0,0,0,0,1,1
1140,55,28,38,95616,3,1,2,0,0,0,0,1,0
2512,51,27,92,92121,4,3,1,0,1,0,1,1,1
3263,44,19,85,90024,2,3.8,3,0,0,0,0,1,0
3088,57,33,15,94303,2,0.3,1,0,0,0,0,1,0
2393,44,20,138,94143,2,3.3,1,0,0,0,0,0,1
4320,63,38,85,91320,4,0.1,2,0,0,0,0,0,1
828,63,37,45,94542,2,1,3,88,0,0,0,1,1
1872,31,5,99,94065,4,1.8,2,268,0,0,0,0,0
4385,45,20,61,92717,3,2.7,2,0,0,0,0,0,1
806,55,29,132,95758,3,5.9,2,307,1,0,0,0,0
1116,51,24,84,94117,3,2,2,0,0,0,0,0,0
4986,48,23,30,94720,3,1.7,2,162,0,0,0,1,0
4309,44,20,132,94115,3,2.6,1,308,1,0,0,0,0
3528,35,10,24,95054,4,1.1,3,0,0,0,0,0,0
4364,30,4,18,93711,4,0.3,2,84,0,0,0,1,0
3687,60,35,122,92521,1,1.3,1,0,0,0,0,0,0
2525,49,25,24,95678,3,0.4,1,0,0,0,0,1,0
1954,49,25,22,90058,4,0.2,1,83,0,0,0,1,0
4228,32,7,111,90277,1,3.8,1,0,0,1,0,0,0
2980,57,32,102,90210,1,2.6,1,0,0,0,0,1,0
1083,30,5,85,94115,1,2.6,2,0,0,0,0,1,0
4918,36,10,33,95616,4,1.2,2,82,0,1,0,1,0
4923,31,5,28,90717,1,0.3,1,0,0,0,0,1,1
1838,43,18,103,90089,3,1,1,180,0,0,0,1,1
3490,36,12,154,91320,3,6.4,1,0,1,1,0,0,0
572,35,9,53,94143,4,2.2,2,0,0,0,0,1,0
564,51,27,12,94608,4,1,1,0,0,0,0,1,0
2849,24,-1,78,94720,2,1.8,2,0,0,0,0,0,0
885,38,13,55,91709,2,1.1,2,0,0,0,0,1,0
4655,44,17,69,90095,3,2.67,2,0,0,0,0,0,0
4578,63,37,80,90401,2,1.7,3,0,0,0,0,1,1
2964,29,3,41,94588,1,1.9,3,0,0,0,0,1,1
965,27,1,78,92037,4,2.3,3,157,0,1,0,1,0
3365,41,15,41,94143,2,2.4,2,105,0,0,0,0,0
2354,61,36,12,93023,4,0.6,2,0,0,0,0,1,1
179,53,29,24,95818,4,0.2,1,0,0,0,0,1,1
1013,50,25,40,95820,1,1.3,2,0,0,0,0,1,1
1061,59,34,23,93111,1,0.1,1,0,0,0,0,0,1
3125,45,20,198,95053,2,2.8,1,0,0,0,0,1,1
919,41,16,64,92325,3,0.5,3,0,0,0,0,0,0
1438,28,3,123,92007,1,0.8,1,146,0,0,0,0,0
2745,51,27,10,92121,2,0.2,1,86,0,0,0,0,0
3063,39,14,75,92521,1,0.1,2,297,0,0,0,0,1
2884,40,14,92,90024,4,1.4,2,0,0,0,0,1,0
3478,34,10,131,94024,2,4.33,1,156,0,0,0,1,1
4017,53,28,173,91614,4,2.7,1,427,1,0,0,1,0
795,54,29,44,91301,2,2.3,3,0,0,0,0,1,0
4822,30,6,62,95831,1,0.1,1,0,0,0,0,1,1
1755,50,24,80,95616,4,4.9,1,0,0,0,0,1,0
3862,65,40,29,90025,1,1.5,2,0,0,0,0,0,0
3836,33,9,131,90065,3,2.2,3,0,1,1,0,0,0
1852,34,8,60,94015,4,2.2,2,0,0,0,0,0,1
306,60,35,22,91207,1,1.3,1,123,0,0,0,1,0
4056,42,18,65,93460,3,2.1,3,0,0,0,0,1,1
3447,56,32,120,90232,1,7.4,1,186,0,0,0,1,0
434,52,28,31,91330,4,0.2,1,141,0,0,0,1,1
4943,52,26,109,94710,1,2.4,1,308,0,0,1,1,1
1494,58,34,84,91380,2,2.8,1,0,0,0,0,1,1
1976,29,3,113,94132,2,0.2,1,0,0,0,0,1,1
3168,62,38,58,94720,4,1.2,2,228,0,0,0,0,1
330,28,4,191,90064,1,6.33,1,0,0,0,0,1,0
4914,30,4,110,93943,1,2.9,3,0,0,0,0,1,0
4039,55,30,54,91367,3,1.7,1,0,0,0,0,1,0
4764,51,25,173,95051,1,0.5,2,0,1,0,0,1,0
2193,25,1,13,95814,4,1,1,95,0,0,0,0,1
3957,62,37,45,90033,3,0.5,2,200,0,0,0,1,1
2658,31,6,72,94583,1,2.6,2,0,0,0,0,1,0
4981,29,5,135,95762,3,5.3,1,0,1,0,1,1,1
962,35,9,30,94114,4,1,1,163,0,0,0,1,0
2208,38,12,180,90245,1,2.8,3,158,1,0,0,1,0
3440,43,17,80,95020,3,0.1,1,0,0,0,1,1,1
1682,32,8,141,90005,2,4.33,1,0,0,0,0,0,0
4213,50,23,9,94109,1,0.5,2,98,0,0,0,1,0
3727,39,13,43,94304,3,0.5,3,0,0,0,0,1,0
492,42,18,34,92115,4,0.3,1,104,0,1,0,1,0
4243,46,21,68,94720,1,0.2,2,0,0,0,0,1,0
2915,42,18,42,95929,2,1.7,1,0,0,0,0,1,0
27,40,16,83,95064,4,0.2,3,0,0,0,0,0,0
1403,55,29,172,95064,1,5.2,2,0,1,0,0,0,0
4878,53,29,53,92648,4,0.1,3,0,0,0,0,0,0
98,54,28,161,92121,1,2.9,1,0,0,0,0,1,0
324,59,34,99,90034,1,4.4,1,0,1,0,0,0,0
2240,55,29,42,95833,4,2.5,1,0,0,1,0,0,0
3649,43,13,38,95616,3,2,3,0,0,0,0,1,0
3886,32,2,69,93943,4,4,3,102,0,0,0,1,0
561,43,18,59,93943,1,3.7,3,0,0,0,0,1,0
1541,34,8,11,91320,4,0.3,1,0,0,1,1,1,1
2876,58,33,18,94402,3,0.1,2,0,0,0,0,1,1
4301,61,37,20,95973,2,0.3,3,0,0,0,0,1,0
1685,60,34,83,94028,2,2,1,249,0,0,0,0,0
676,29,2,33,91711,1,2,2,160,0,0,0,0,0
4964,32,6,98,95054,2,4.5,3,306,0,0,0,0,0
1832,47,22,30,94118,4,0.4,2,115,0,0,0,1,1
4325,49,24,13,94538,4,0.8,1,111,0,0,0,1,0
3346,35,11,14,94720,4,1,1,0,0,0,1,1,1
2711,51,27,39,94304,2,0.8,1,0,0,0,0,0,0
4698,49,22,103,91330,3,2,2,167,0,0,0,0,0
1528,57,33,45,94117,1,1.8,3,195,0,0,0,0,0
4498,45,21,85,95136,2,3.2,1,0,0,1,0,1,0
2809,53,27,35,94583,3,0.9,3,136,0,0,0,1,0
1029,29,4,110,92096,4,2.5,3,0,1,0,0,0,0
3281,58,33,98,90277,1,2.6,1,0,0,0,0,0,0
4692,41,17,65,90024,3,2.1,3,0,0,0,0,1,0
1736,60,36,31,95051,3,0.4,2,0,0,0,0,1,1
689,44,20,71,94304,4,1.9,1,207,0,0,0,1,0
960,49,24,68,94143,1,0.2,2,163,0,0,0,0,0
3394,37,11,81,95123,3,0.9,2,0,0,0,0,1,1
907,29,3,154,94720,2,2,1,130,0,0,0,0,0
3304,55,29,28,94539,2,0.7,2,82,0,0,0,1,1
4374,30,6,139,94501,1,4.3,1,0,0,0,0,1,0
310,62,38,91,95929,1,3.8,1,0,0,1,0,1,0
3215,61,37,33,91775,3,0.1,3,0,0,0,0,1,0
2004,44,20,124,90277,1,4.7,1,0,0,0,0,1,1
581,52,22,22,90049,4,0.4,3,0,0,0,0,1,1
3187,41,16,98,95192,3,1,1,296,0,0,0,0,0
4477,58,32,40,95833,2,0.3,1,0,0,0,0,0,0
3238,35,9,22,94085,3,0.1,2,0,0,0,1,1,1
4868,38,12,61,94598,4,0.2,3,0,0,0,0,1,0
4681,46,21,154,90245,2,2.8,1,94,0,0,0,0,0
2817,50,26,128,92780,2,0.4,1,0,0,0,0,1,0
3275,31,5,110,92123,2,1.5,3,0,0,0,0,1,0
3028,53,29,50,93305,4,0.1,3,152,0,0,0,1,0
632,45,18,40,94960,3,1,2,0,0,0,0,1,0
2528,27,1,43,95120,3,1.1,2,0,0,0,0,0,0
2295,39,15,129,90035,2,1.9,1,0,0,0,0,0,0
4047,25,0,72,94303,3,2.6,3,0,0,0,0,1,0
1688,63,39,83,90025,3,2,3,0,0,0,0,1,1
3933,26,2,55,94305,3,0.7,2,0,0,0,0,1,0
3024,63,37,105,92694,4,1.7,3,244,0,0,0,0,1
4252,42,16,62,95064,3,0.9,3,0,0,0,0,1,0
3767,59,35,108,90245,4,3.8,2,304,1,0,0,1,0
1919,39,9,118,93555,2,6,3,246,1,0,1,1,1
43,32,7,132,90019,4,1.1,2,412,1,0,0,1,0
3950,31,5,23,93407,1,0.4,2,0,0,0,0,1,1
1428,31,5,85,95828,2,1.3,1,119,0,0,0,1,1
1429,25,-1,21,94583,4,0.4,1,90,0,0,0,1,0
2382,33,9,49,94928,1,2.4,2,0,0,0,0,1,0
182,36,12,10,93524,4,0.7,2,81,0,0,0,0,0
2047,43,16,161,95134,3,8,2,0,1,0,1,1,1
2744,32,8,22,94583,4,0.7,2,0,0,0,0,1,1
4151,46,20,72,92009,2,1.7,2,75,0,0,0,1,0
2176,37,12,160,94305,2,3.3,1,0,0,0,0,0,0
3919,60,34,65,90024,4,1.7,2,0,0,1,0,1,0
2814,48,22,14,94303,2,0.1,3,0,0,0,0,1,0
3042,29,5,92,95006,2,0.6,1,0,0,0,0,1,0
783,54,30,194,92056,3,6,3,587,1,1,1,1,1
273,29,3,45,95023,4,0.2,1,158,0,0,0,1,1
3225,45,21,58,94025,3,0.3,3,0,0,1,0,1,0
2805,56,32,33,95014,3,1.5,1,0,0,0,0,0,0
4340,35,11,38,95518,1,1.7,1,0,0,0,0,0,1
3821,32,7,61,94102,3,2.3,1,205,0,0,0,1,1
1758,33,9,60,90630,1,1.2,1,0,0,0,0,1,1
1193,45,20,138,92870,1,7,1,0,0,0,0,0,1
4472,56,30,79,94588,3,0.8,1,302,0,0,0,0,0
2000,48,22,80,93940,2,2.4,2,0,0,0,0,1,0
4057,51,25,113,91320,2,6.3,1,0,0,0,0,0,0
3923,31,4,20,95616,4,1.5,2,0,0,0,0,1,0
1709,46,20,12,90250,4,0.6,3,0,0,0,0,0,1
1316,49,25,53,95134,2,1,3,181,0,0,0,0,0
2475,64,38,40,92122,2,1,3,0,0,0,0,0,0
2569,46,21,34,92373,2,1.3,1,0,0,0,0,1,0
3754,30,4,34,95351,2,0.3,2,0,0,0,0,1,1
2975,42,18,52,95008,4,1.9,1,0,0,0,0,1,0
781,32,7,42,92634,4,0.8,1,0,0,0,0,1,1
4420,42,17,85,93065,1,3.7,3,272,0,0,0,0,0
2219,38,13,9,92634,2,0.3,2,0,0,0,0,0,0
1385,55,31,62,91711,1,1.8,3,0,0,0,0,1,0
3257,34,9,41,94305,1,2.5,3,0,0,0,0,0,0
1504,34,8,52,94720,4,2.2,2,0,0,0,0,0,0
3503,32,8,58,95616,3,2,1,90,0,0,0,1,0
3932,53,27,170,95003,1,1,1,0,0,0,0,1,0
1629,42,18,90,95064,4,0.8,1,245,0,1,0,0,0
2948,45,21,151,90024,2,3.3,1,328,0,0,0,0,0
4871,55,30,28,94040,2,2,2,0,0,0,0,1,1
375,30,5,98,91941,2,3.1,1,220,0,0,0,1,0
386,35,9,40,93943,3,0.9,1,0,0,0,0,1,0
2640,52,26,59,95762,3,3,2,0,0,0,0,1,0
625,33,6,54,92821,2,1.67,2,122,0,0,0,1,0
4479,33,9,53,91380,1,2.1,3,0,0,0,0,0,0
2759,62,36,35,94501,2,0.7,3,0,0,1,0,0,1
1739,61,36,38,91129,3,0.9,3,82,0,0,0,1,1
2320,34,9,198,95819,2,3,1,422,0,0,0,1,0
1565,64,40,63,94706,4,1.2,2,0,0,0,0,1,0
872,54,28,48,96091,4,2.8,2,0,0,0,0,1,0
737,61,35,152,91016,3,3.3,3,0,1,0,0,1,0
2712,39,14,34,94939,4,1.7,1,0,0,0,0,1,1
1707,56,31,84,92672,1,0.1,3,0,0,0,0,1,0
3137,60,34,65,95354,3,2.2,3,94,0,1,1,0,1
1588,52,28,21,94035,2,0.4,1,0,0,1,0,1,0
4470,40,14,53,94025,3,0.5,3,0,0,1,1,1,1
4538,62,36,63,95929,1,2.5,3,0,0,0,0,1,1
4838,36,10,183,95348,2,0,1,0,0,0,0,0,0
4586,35,11,180,94010,1,3.6,3,571,1,0,1,1,1
3196,55,29,35,90007,3,1.4,1,0,0,0,0,0,0
2177,41,14,51,91320,3,2.33,2,0,0,0,0,1,0
2465,60,36,32,92407,3,0.4,2,165,0,0,0,1,0
3396,41,16,35,94061,2,1.4,2,135,0,0,0,0,0
936,46,20,131,95929,1,5.7,1,256,0,0,0,0,1
853,33,7,29,92064,1,0.6,3,127,0,0,0,0,1
78,46,20,29,92220,3,0.5,2,0,0,0,0,0,0
1630,53,29,154,93407,4,7.4,3,0,1,0,0,0,0
3539,26,0,23,93561,1,0.1,2,0,0,0,0,0,0
1808,46,20,61,90036,2,0.4,3,0,0,0,0,0,0
1651,31,6,83,92131,4,2.2,2,106,0,0,0,1,0
4438,63,38,63,92507,2,1.5,1,0,0,0,0,1,0
577,25,-1,48,92870,3,0.3,3,0,0,0,0,0,1
696,29,4,115,92717,1,1.9,1,0,0,0,0,0,0
397,50,24,29,93023,4,0.1,1,0,0,0,0,0,0
2438,65,40,114,94608,4,3.4,2,0,0,0,0,0,1
527,26,2,205,93106,1,6.33,1,271,0,0,0,0,1
208,34,10,71,94115,4,0.1,2,0,0,0,0,0,0
4158,34,10,22,94545,3,0.9,3,0,0,0,0,1,0
2858,34,8,184,93106,3,7.5,1,0,1,0,0,0,0
2008,48,21,78,94010,3,2,2,0,0,0,0,1,1
368,32,8,98,95054,2,2,2,175,0,0,0,1,0
233,46,19,38,94122,3,2.5,2,135,0,0,0,0,0
2988,33,7,39,92037,2,2,3,0,0,0,0,0,0
3156,55,29,62,92626,3,0.3,2,0,0,0,0,1,0
3280,26,-1,44,94901,1,2,2,0,0,0,0,0,0
3883,31,7,43,92646,1,2.1,3,166,0,0,0,0,1
4730,40,14,18,90049,4,1.5,3,0,0,0,0,0,0
469,34,10,21,92634,1,0.5,3,0,0,0,0,1,0
2044,57,32,25,90049,2,0.2,3,0,0,0,0,1,1
313,36,6,21,91741,1,0.67,3,0,0,1,0,1,0
1535,59,34,30,92084,1,1.3,1,0,0,0,0,1,1
307,55,29,79,92373,3,0.8,1,0,0,0,0,1,1
3403,64,40,95,90095,2,0,3,0,0,0,0,1,1
173,38,13,171,92717,2,7.8,1,0,0,0,0,1,0
1664,57,32,42,95070,3,0.5,2,0,0,1,0,1,0
4991,55,25,58,95023,4,2,3,219,0,0,0,0,1
1273,64,39,83,95616,3,1.8,2,0,0,0,0,1,0
700,44,20,68,95060,1,0.8,3,91,0,0,0,0,0
4055,59,34,64,94116,4,1.7,1,0,0,0,0,0,0
3128,40,14,61,94539,4,0.2,3,0,0,0,0,1,0
911,60,36,79,92120,1,1.8,3,0,0,0,0,0,1
1008,44,19,99,95064,3,3.5,3,357,1,0,0,0,0
2893,58,32,43,92093,1,2.8,2,0,0,0,0,1,0
895,29,4,59,95064,4,2.2,1,232,0,0,0,1,1
2586,51,26,70,91320,1,2.8,2,0,0,0,0,1,1
903,57,33,95,95054,2,1.6,1,0,0,0,0,0,0
1206,32,7,94,91361,2,3.1,1,0,0,0,0,1,0
3464,28,3,149,92121,1,0.8,1,0,0,0,0,1,0
3587,40,15,132,94131,2,3.9,1,0,0,0,0,1,0
3375,57,31,61,91360,1,2.2,3,0,0,0,0,0,0
3005,33,7,88,94583,3,1.6,1,0,0,0,0,1,1
2038,35,8,52,95616,2,1,2,0,0,0,0,0,1
2842,37,11,190,94305,4,7.3,2,565,1,0,1,1,0
4947,51,26,42,93118,1,1.3,2,0,0,0,0,1,0
1955,44,20,81,90245,4,2,3,277,0,0,0,1,0
1595,37,12,93,90025,1,2.8,1,0,0,1,0,1,0
1298,61,35,90,95814,4,1.9,2,0,0,0,0,1,0
1178,28,3,71,90405,1,3.3,2,149,1,1,1,1,0
924,55,30,28,95123,1,1.5,2,0,0,0,0,0,0
1190,42,17,115,92717,2,0.4,1,0,0,0,0,1,0
793,41,16,98,93117,1,4,3,0,0,0,0,0,1
3728,56,30,31,94117,2,0.3,1,109,0,1,1,1,1
1762,52,27,45,94720,2,2,2,121,0,0,0,0,1
1093,25,1,70,92120,4,2.6,1,0,0,1,0,1,0
4204,59,33,88,93106,4,1.9,2,0,0,0,0,0,0
3725,44,20,39,93108,2,2.1,3,119,0,0,0,0,0
46,57,31,52,94720,4,2.5,1,0,0,0,0,0,1
2449,51,26,42,92103,2,0.6,3,0,0,0,0,1,1
2275,40,15,21,90034,2,0,3,0,0,0,0,1,0
3146,34,10,114,94305,3,3.3,3,0,1,0,0,0,0
2627,53,27,59,92038,2,0.8,3,0,0,0,0,1,0
967,57,32,44,91605,2,1.6,3,0,0,0,0,0,0
2580,52,27,23,92780,1,0.4,3,0,0,0,0,0,0
3270,58,34,68,94305,2,2.8,1,113,0,0,0,0,0
3888,24,-2,118,92634,2,7.2,1,0,0,1,0,1,0
4591,58,34,151,94022,3,0.6,2,0,1,0,0,0,0
22,57,27,63,90095,3,2,3,0,0,0,0,1,0
460,35,10,200,91107,2,3,1,458,0,0,0,0,0
4646,34,10,45,92038,1,1.7,1,84,0,0,0,0,0
4173,67,42,75,90041,4,0.1,2,182,0,0,0,1,0
2068,58,32,180,91770,1,2.9,1,0,0,0,0,0,1
3102,55,31,91,93555,2,2.8,1,0,0,0,0,0,0
1665,61,35,63,91605,1,1.6,1,0,0,0,0,1,0
4391,52,26,62,95134,4,2.8,2,0,0,0,0,1,0
2517,28,3,74,94720,3,2.6,3,0,0,0,0,0,0
522,48,24,75,92518,4,1.4,2,0,0,0,0,1,0
2203,49,24,43,94709,4,1.9,3,0,0,0,0,1,0
4759,46,21,40,90045,1,0.3,1,116,0,0,0,0,0
133,31,1,51,90840,2,1.75,3,0,0,0,0,0,0
4666,40,16,65,90095,2,3.2,1,0,0,0,0,1,0
220,56,30,61,94707,1,2.2,3,0,0,0,0,1,1
292,43,16,8,90089,3,0.67,2,88,0,0,0,1,0
2886,57,31,113,91711,4,0.6,3,327,1,0,0,1,0
211,51,26,20,92131,2,0,1,0,0,0,0,0,0
254,47,21,138,94583,1,0,1,0,0,0,0,0,0
713,41,16,10,94123,2,0.3,2,0,0,0,0,1,0
1387,27,3,72,95616,4,0,1,0,0,0,0,1,0
4807,62,37,39,93117,3,1.5,1,0,0,0,0,1,0
662,63,38,52,94720,2,2.8,1,0,0,0,0,1,0
859,45,19,19,94720,3,0.5,2,0,0,0,0,1,0
2572,34,8,40,91768,2,2,3,89,0,0,0,0,0
4753,39,14,178,92123,1,4.1,1,207,0,0,0,1,0
3328,42,18,164,93407,1,1.3,3,0,1,1,1,1,1
4896,45,20,201,92120,2,2.8,1,0,0,0,0,1,1
603,29,5,135,95035,2,0.6,1,0,0,0,0,0,0
3026,58,32,128,94609,2,2.7,1,344,0,0,0,0,0
4316,51,26,62,90024,4,1.8,3,119,0,0,0,1,0
3690,36,12,64,94708,3,2.8,1,205,0,0,0,0,1
3455,47,21,132,92120,1,0.3,1,0,0,0,0,1,0
2213,46,22,83,95060,1,2.7,1,0,0,0,0,1,0
510,52,28,118,90503,2,6.8,1,112,0,0,0,1,0
2836,42,16,32,94112,3,1.5,1,149,0,0,0,1,0
2137,50,26,115,95008,1,1.2,3,0,1,0,0,0,1
4900,54,29,85,94928,4,1.3,3,299,0,0,0,1,0
1641,36,10,55,90009,1,2,1,95,0,0,0,1,0
3487,25,1,20,92806,4,1,1,0,0,0,0,0,1
2774,63,37,185,94309,2,7.9,2,358,1,0,0,1,0
4292,46,21,34,90034,1,0.1,1,124,0,0,0,1,0
643,50,24,103,94132,1,0.3,1,0,0,0,0,1,0
1991,32,8,29,92807,1,0.2,3,76,0,0,0,1,1
1791,44,20,43,92124,1,0.3,3,0,0,1,0,0,1
459,48,24,20,95841,1,1,1,0,0,0,0,1,1
2400,62,36,41,90245,2,1,3,154,0,1,0,1,0
3510,38,12,61,91330,3,0.9,3,0,0,0,0,0,0
3991,57,32,59,95014,2,3.7,1,134,0,0,0,1,0
3581,41,16,62,94553,2,2.2,3,0,0,0,0,1,1
1402,40,15,84,94521,1,3.7,3,0,0,0,0,1,0
1111,58,33,34,92028,3,0.2,1,83,0,0,0,1,0
3236,60,35,39,91711,2,1.6,3,0,0,0,0,1,0
2194,45,19,25,94609,2,0.1,3,102,0,0,0,1,0
1780,34,9,68,94720,1,2.8,1,0,0,0,0,1,0
424,43,19,161,95616,2,7.5,1,0,0,0,0,0,0
4611,37,13,79,91330,1,3.6,2,104,0,0,0,1,0
2214,61,37,45,94610,1,0.8,1,0,0,0,0,0,0
1363,31,5,85,92130,3,1.6,1,157,0,0,0,1,1
2127,44,19,83,92121,4,0.4,1,141,0,0,0,0,0
2156,62,38,154,94305,1,2.9,1,0,0,0,0,1,0
2672,62,37,128,92093,1,2.5,1,0,0,0,0,0,0
2470,43,18,89,92780,1,0.1,2,307,0,0,0,0,1
1104,38,14,49,90037,1,1.8,1,0,0,0,0,0,0
4834,49,24,109,92647,1,0.6,1,0,0,0,0,0,0
3707,58,33,51,94305,2,1.6,3,123,0,0,0,1,0
2804,43,18,41,92831,1,0.3,3,0,0,0,0,1,0
295,35,9,55,94536,1,2,1,0,0,0,0,1,0
3344,62,37,125,94801,1,1,3,0,1,0,0,1,0
4405,29,5,34,94301,1,0.4,3,0,0,0,0,0,0
4032,42,18,29,91320,1,0.3,3,0,0,0,0,1,0
2454,43,19,60,94104,3,2.1,3,0,0,0,0,1,0
3538,60,34,19,92093,3,0.3,3,0,0,0,0,1,0
2217,64,40,89,94707,1,3.8,1,0,0,0,0,0,0
502,50,26,39,90640,3,1.9,2,0,0,0,0,1,0
1243,29,4,44,91380,4,2,2,0,0,0,0,1,0
538,44,20,131,90717,1,4.9,3,0,1,0,0,1,0
3508,50,23,83,91791,1,2.67,2,0,0,0,1,1,1
1602,31,7,180,93407,1,4.3,1,0,0,0,0,0,0
3848,43,18,94,94110,4,1.1,2,0,0,0,0,0,0
1287,29,3,50,94010,3,1.1,2,0,0,0,0,0,1
2500,53,27,38,94105,4,2.8,2,144,0,1,0,1,0
3064,54,29,21,95841,4,0.1,3,0,0,0,0,0,0
4745,44,20,72,95616,3,0.3,3,0,0,0,0,1,0
2515,41,16,25,92182,2,0.1,2,91,0,1,0,0,0
2078,34,9,160,94108,4,8,3,0,1,0,0,0,1
1046,43,18,84,92096,1,4,3,0,0,0,0,0,0
2967,32,7,84,91320,3,0.6,2,0,0,0,0,1,1
4176,42,17,154,93955,3,4.9,1,0,1,0,1,1,1
44,39,15,45,95616,1,0.7,1,0,0,0,0,1,0
1401,32,8,78,90401,4,0.1,2,0,0,0,0,1,0
149,52,28,163,91423,2,0.4,1,116,0,0,0,1,0
3139,36,11,103,93555,1,4.6,1,255,0,0,0,1,0
380,25,0,28,92093,2,1.7,2,0,0,0,0,0,0
1938,51,25,181,95051,1,3.3,3,589,1,1,1,1,0
3868,44,19,61,94080,3,2.7,2,0,0,0,0,0,0
705,56,32,129,94065,1,7.4,1,0,0,0,0,0,0
3216,40,15,19,90630,4,0.2,3,0,0,0,0,1,0
4386,56,32,23,94610,1,1.2,3,127,0,0,0,1,1
28,46,20,158,90064,1,2.4,1,0,0,0,0,1,1
729,45,20,114,94720,2,4.4,2,0,1,0,0,0,0
3796,51,25,39,94010,1,1.2,2,98,0,0,0,1,0
1435,65,41,55,93106,2,1.1,1,0,0,0,0,0,0
284,61,36,40,90029,3,0.5,2,0,0,1,0,1,0
2011,61,36,41,96001,2,1.5,1,0,0,0,0,0,0
3369,45,18,163,94720,3,5.33,2,0,1,0,1,0,1
392,58,32,9,94080,3,0.3,3,0,0,0,0,0,1
1259,34,8,31,91203,1,0.3,1,104,0,0,0,1,1
557,60,34,21,93105,3,0.3,3,129,0,0,0,1,0
507,51,25,44,94608,3,0.9,3,0,0,0,0,0,0
54,50,26,190,90245,3,2.1,3,240,1,0,0,1,0
4422,63,38,9,94707,4,0.6,2,100,0,0,0,1,1
2777,46,20,140,93106,2,6.3,1,380,0,0,0,1,1
2394,53,28,14,94005,4,0.8,1,0,0,0,0,1,1
1457,36,11,39,90095,4,1.7,1,0,0,0,0,1,0
3713,50,25,112,92154,1,0.6,1,0,0,0,0,0,0
130,41,16,70,92131,3,0.5,3,0,0,0,0,0,1
3210,42,16,173,91355,2,1.5,2,373,1,0,1,1,1
4912,46,22,153,94539,2,7.5,1,0,0,0,0,0,0
3995,42,18,88,92675,4,0.8,1,0,0,0,0,1,1
802,47,23,8,92612,4,0.2,1,0,0,0,0,1,0
1962,52,26,114,94304,1,4.9,1,0,0,0,0,0,0
277,30,5,22,90058,4,0.5,3,109,0,0,0,1,0
2870,60,35,22,92660,1,1.3,1,80,0,0,0,0,0
1330,28,4,32,90095,3,1,2,0,0,0,0,0,0
4877,44,19,142,95054,1,1.5,3,0,1,0,0,0,0
4763,37,7,94,91016,4,1.8,3,232,0,0,0,1,0
1835,41,16,23,94143,2,0.3,2,118,0,0,0,0,0
2144,56,31,65,92093,3,1.7,1,109,0,0,0,0,0
3493,35,9,28,94546,1,0.6,3,0,0,0,0,0,1
3475,49,24,42,92121,2,0.7,2,0,0,0,0,1,0
3463,58,33,28,94608,2,0.5,2,146,0,1,0,1,0
4537,62,37,38,92354,3,0.5,2,0,0,0,0,0,0
317,57,31,165,95054,1,1.6,2,0,1,0,0,1,0
2726,63,38,138,92675,1,2.5,1,0,0,0,0,1,0
987,53,27,101,90245,4,4.9,1,0,0,0,0,1,0
3973,29,5,112,94998,2,4.33,1,0,0,0,0,1,1
4194,62,37,31,95008,3,0.2,1,0,0,0,0,1,0
2441,31,5,22,91401,1,0.6,3,0,0,0,0,0,0
1075,39,14,75,95762,3,3,1,0,0,0,0,0,1
2563,45,21,39,92521,2,2.1,3,184,0,0,0,0,1
750,58,34,60,92008,4,1.6,2,0,0,0,0,0,1
4402,60,35,42,91902,3,1.5,1,0,0,0,0,0,1
1156,41,16,81,92653,2,0.4,1,0,0,0,0,0,1
786,46,22,164,94122,2,7.6,1,0,0,0,1,1,1
2608,57,33,49,94305,4,1.5,1,214,0,1,1,1,1
4029,46,20,64,94117,4,2.9,1,189,0,0,0,0,0
2710,28,4,69,94305,3,0.7,2,170,0,0,0,0,0
2939,33,9,61,93943,3,2.6,2,0,0,0,0,1,0
4931,63,38,110,90095,3,1.8,2,109,0,0,0,1,0
3893,59,33,102,91763,2,1.4,1,0,0,0,0,1,0
2522,49,23,29,94551,4,1.8,1,0,0,0,0,1,1
3831,34,8,34,92130,2,2,3,0,0,1,0,1,0
693,26,2,30,94720,1,1,3,111,0,0,0,0,0
1221,41,17,165,94143,2,8,1,0,0,0,0,1,0
1242,64,38,39,92120,1,0.5,3,0,0,1,1,1,1
1354,50,25,14,94124,1,0.4,3,0,0,0,0,1,1
1554,46,22,83,95616,3,0.7,1,0,0,0,0,0,0
4296,65,41,91,91360,2,0,3,146,0,0,0,0,0
2783,47,22,53,92691,1,0.3,1,213,0,0,0,0,0
3165,28,4,82,95136,4,0,1,0,0,0,0,1,1
1532,39,13,25,90304,4,1.5,3,0,0,0,0,1,0
2046,52,28,44,95051,4,0.9,2,107,0,0,0,1,0
2189,29,4,9,92037,4,0.5,3,86,0,0,0,1,1
476,43,19,152,92008,3,6.1,2,0,1,0,0,0,0
4756,59,35,151,93106,2,6,1,0,0,0,0,1,0
2951,42,16,55,95820,1,0.7,3,135,0,0,0,1,0
2908,45,20,40,91763,2,1.3,1,0,0,0,0,0,1
4973,58,32,41,93401,3,2.2,3,148,0,0,0,1,1
4844,61,34,41,94123,4,2.5,2,0,0,0,0,1,0
4757,30,4,78,92677,4,2.2,2,236,0,1,0,0,0
3387,35,10,142,94061,4,0.8,3,0,1,0,0,0,0
57,55,30,29,94005,3,0.1,2,0,0,1,1,1,0
1026,62,37,50,94545,3,1.5,1,169,0,0,0,1,0
4450,30,6,44,95211,1,0.2,3,0,0,0,0,0,1
1090,53,29,94,92103,4,1,2,0,0,0,0,1,0
1053,43,17,49,95812,3,2.2,2,103,0,0,0,1,1
3201,48,23,70,92122,1,2.8,2,0,0,0,0,0,0
3361,48,24,133,90740,1,5,1,0,0,0,0,0,0
261,51,27,58,92407,1,0,1,0,0,0,0,0,1
2244,54,28,79,91342,3,1.7,2,150,0,0,0,1,1
1477,61,37,64,92028,1,0,2,0,0,0,0,0,1
2173,39,15,79,92028,2,1.8,2,219,0,0,0,0,0
1845,65,40,21,92717,3,0.1,3,0,0,0,0,0,1
4469,67,42,51,94117,3,2.2,1,0,0,0,0,1,1
4081,27,0,40,90068,1,2,2,110,0,0,0,0,1
1154,55,30,55,92821,4,0.9,1,215,0,0,0,1,1
4123,56,30,195,90089,1,2.9,1,0,0,0,0,0,0
1368,62,38,42,95747,3,0.1,3,149,0,0,0,0,1
1851,36,10,20,90033,4,0.3,1,97,0,0,0,1,0
3701,48,22,128,94608,1,5.7,1,0,0,1,0,0,0
1723,26,2,72,92647,4,2.6,1,0,0,1,1,1,0
904,43,18,59,90048,1,2.4,1,250,0,0,0,1,0
4178,47,23,75,93106,1,2.6,2,0,0,0,0,0,1
2509,40,15,63,93407,3,3,1,0,0,1,0,1,0
4380,42,17,53,93023,4,1.9,3,0,0,0,0,1,0
512,31,5,82,94143,4,2.2,2,0,0,0,0,0,0
2054,58,32,85,92110,2,2,1,161,0,1,1,1,1
2104,37,13,153,90630,2,6.5,1,0,0,0,0,1,1
2825,62,36,44,92867,2,0.3,1,0,0,0,0,0,0
2365,59,35,88,94923,2,1.6,1,0,0,0,0,0,1
703,35,9,109,92709,3,4,1,0,1,0,0,0,0
3427,31,5,115,90025,2,1.5,3,189,0,0,0,1,0
4587,58,32,61,91910,3,2.2,3,0,0,0,0,1,1
4780,39,14,20,90747,1,0.6,3,0,0,0,0,1,0
2954,61,36,78,91330,3,0.5,1,0,0,0,0,1,1
1552,50,25,192,94115,2,2.8,1,238,0,0,0,0,1
982,36,12,142,90064,3,2.3,2,0,1,0,1,1,1
1858,37,13,105,94066,1,0.8,2,0,0,0,0,0,1
2851,58,34,125,94720,1,4.3,1,219,0,0,0,0,0
353,52,28,91,92692,4,1,2,0,0,0,0,0,1
1189,45,19,58,94305,2,0.4,3,0,0,1,0,0,1
3519,60,36,129,95039,2,6,1,0,0,0,0,0,0
4608,50,23,18,93117,1,0.5,2,0,0,0,0,1,1
377,45,21,61,94304,3,0.7,1,0,0,0,0,0,0
1086,51,26,11,92612,2,0,1,0,0,1,0,0,0
761,29,3,52,92122,3,1.1,2,0,0,0,0,1,0
815,33,8,45,93943,2,0.1,1,0,0,0,0,0,1
1132,57,27,90,91709,2,4.5,3,0,0,0,0,1,0
4996,29,3,40,92697,1,1.9,3,0,0,0,0,1,0
1047,51,26,34,94105,4,0.4,2,0,0,0,0,0,0
595,50,26,85,94143,1,0,1,144,0,0,0,0,0
4436,46,21,34,90840,2,1.3,1,116,0,0,0,0,0
2003,30,4,142,92126,3,4.2,1,359,1,0,0,0,0
60,31,5,188,91320,2,4.5,1,455,0,0,0,0,0
4418,54,28,92,92374,2,1.1,1,0,0,0,0,1,0
2121,41,17,44,93106,1,0.3,3,0,0,0,0,1,0
123,58,32,73,94523,2,0.7,2,0,0,0,0,1,1
2949,44,18,14,94720,2,0.1,3,98,0,0,0,0,1
3910,33,7,111,90245,2,1.3,1,0,0,0,0,1,0
2119,31,5,125,91320,2,1.3,1,0,0,0,0,1,1
2023,33,3,71,93561,4,1.8,3,236,0,0,0,0,0
4110,27,0,30,93107,4,1,3,0,0,0,0,1,1
224,55,25,41,95014,3,1,3,0,0,0,0,1,0
3092,58,32,42,95020,3,1.4,3,158,0,0,0,0,1
4053,43,19,54,94608,2,1.7,1,0,0,0,0,1,0
695,32,7,112,90740,1,3.8,1,81,0,0,0,1,0
4613,32,6,18,92007,2,0.3,2,0,0,0,0,1,0
2617,56,31,49,92182,2,1.6,3,103,0,0,0,1,0
1452,44,20,82,94555,4,1.4,2,201,0,0,0,1,1
1522,33,8,175,92354,2,6.7,1,102,0,0,0,1,0
3357,49,23,115,95051,3,4.6,3,0,1,0,0,0,0
1463,47,21,15,95207,4,0.6,3,77,0,0,0,1,0
3011,25,1,72,94301,3,0.8,1,0,0,0,0,1,0
1000,60,35,18,92120,1,1.5,2,0,0,0,0,1,1
3955,32,7,134,93108,2,3.1,1,0,0,0,0,0,0
3839,37,11,71,94501,2,1.8,1,127,0,1,0,0,0
4073,42,17,78,92521,1,1,3,0,0,0,0,1,0
4783,26,0,150,91311,2,7.2,1,0,0,0,0,0,1
1701,43,16,71,90089,3,2.33,2,0,0,0,0,0,0
2019,63,39,160,90089,2,2.1,1,0,0,0,0,1,1
161,29,0,134,95819,4,6.5,3,0,1,0,0,0,0
2902,54,30,21,95351,1,0.1,2,76,0,0,0,1,0
2147,27,3,30,93108,1,1,3,80,0,0,0,0,0
2108,41,17,85,90291,4,0.2,3,229,0,0,0,0,0
894,58,32,43,93943,3,1.4,1,0,0,0,0,0,1
1159,41,16,99,92660,1,1,3,0,0,0,0,1,0
2051,41,15,29,94024,2,0.8,3,98,0,0,0,0,0
4933,59,35,111,91107,1,4.3,1,0,0,0,0,1,0
107,43,17,69,92717,4,2.9,1,0,0,0,0,1,1
2713,31,7,32,91320,1,1.7,1,0,0,0,0,1,0
3740,39,14,80,90502,2,0.4,1,0,0,0,0,0,0
1128,35,9,58,91101,1,2.5,1,0,0,0,0,1,1
1761,41,16,33,94309,4,0,2,0,0,0,0,1,0
1122,30,6,49,91330,3,0.7,2,196,0,0,0,0,1
3628,27,1,83,90034,2,0.2,1,0,0,0,0,0,1
2643,54,29,81,92096,2,0,3,0,0,0,0,1,0
3664,26,2,60,94111,4,1.6,1,0,0,0,1,1,1
2079,35,11,21,95814,2,1,2,0,0,0,0,0,0
1814,61,36,55,90033,3,0.9,3,0,0,0,0,1,1
558,39,15,118,95039,2,1.9,1,0,0,0,0,0,1
4777,47,23,40,95123,2,2.1,3,156,0,0,0,1,0
758,52,28,81,91745,3,1.8,2,0,0,1,0,0,0
4328,30,4,102,91775,4,2.1,3,139,0,0,0,0,1
3746,27,3,119,90640,1,5.4,1,118,0,0,0,1,0
1867,48,24,90,94523,1,2.6,2,334,0,0,0,1,0
190,55,29,112,94043,2,1.4,1,0,0,0,0,1,0
4278,40,16,138,92612,1,3.5,1,0,0,0,0,1,0
2074,46,20,54,91107,1,0.7,3,154,0,0,0,1,1
2179,37,13,158,93943,2,2.3,2,0,1,0,1,1,1
621,33,8,115,91129,4,2.9,2,0,1,0,0,1,0
4143,57,32,70,90024,3,1.6,3,0,0,0,0,0,0
4214,49,25,39,91125,3,1.9,2,0,0,0,0,0,0
4463,33,7,39,95630,4,0.8,1,0,0,0,0,1,1
1906,25,-1,112,92507,2,2,1,241,0,0,0,1,0
3833,62,38,158,90230,2,2.1,1,0,0,0,0,0,1
3693,57,33,64,94132,4,2.2,1,0,0,0,0,1,0
1725,46,19,24,90025,3,0.67,2,0,0,0,0,1,0
2727,62,37,18,92028,1,1.5,2,127,0,0,0,0,0
1631,41,17,99,92096,2,1.8,2,0,0,0,0,1,1
4407,50,25,24,95133,4,0.4,2,137,0,0,0,1,0
3023,59,33,89,94608,4,1.9,2,0,0,0,0,1,1
2017,41,17,93,92835,4,0.8,1,218,0,0,0,0,0
1937,50,24,82,90291,3,3,2,0,0,0,0,1,0
1202,35,8,38,95060,4,1,2,0,0,0,0,1,0
2498,33,9,14,95133,3,0.9,3,114,0,0,0,0,0
153,57,32,24,93117,1,1.3,1,0,0,0,0,1,1
240,28,3,52,94112,4,1.7,2,0,0,0,0,0,0
4435,35,9,51,94596,4,2.2,2,110,0,0,0,1,0
2082,52,27,45,95006,1,1.3,2,0,0,0,0,0,0
3255,61,37,9,93907,2,0.3,3,0,0,0,0,1,0
2503,58,31,178,92009,2,6,2,0,1,0,0,1,0
4244,46,22,74,94550,3,0.7,1,0,0,0,0,1,0
4864,61,35,25,91768,1,0.8,2,142,0,0,0,1,0
332,32,6,28,94115,3,1,1,0,0,0,0,0,0
3269,43,17,111,91423,4,5.4,3,0,1,0,0,1,0
879,33,3,74,95616,4,4,3,0,0,0,0,0,0
1060,28,2,11,91203,1,0.1,2,0,0,0,0,1,1
3578,39,9,32,91016,3,2,3,0,0,0,0,1,0
2302,38,13,84,93403,4,0.7,3,0,0,0,0,0,0
4564,28,2,188,92350,2,4.5,1,0,0,1,0,1,0
629,49,24,51,90071,1,1.3,2,0,0,0,0,0,0
4165,35,10,23,90058,4,1.1,3,0,0,0,0,0,1
518,54,27,43,92834,3,1,2,169,0,0,0,0,0
2704,51,27,71,92521,1,2.6,2,0,0,0,0,0,1
528,33,8,65,90027,2,0.1,1,89,0,0,0,1,0
3383,62,36,103,92182,2,2.8,1,0,0,1,1,1,0
4826,56,32,84,95014,2,1.6,1,0,0,0,0,1,0
4439,43,18,22,90025,2,0,3,0,0,0,0,0,0
3079,38,13,63,92325,3,0.5,3,190,0,1,1,1,1
3829,31,6,44,95616,4,0.8,1,122,0,0,0,1,0
3684,53,27,62,95070,3,3,2,0,0,1,0,0,0
2361,27,1,85,93302,2,1.6,3,0,0,0,0,0,0
3931,53,27,145,95605,1,2.9,1,345,0,0,0,0,0
526,64,38,79,94024,2,2.8,1,179,0,0,0,0,0
996,28,3,45,94305,2,1.6,3,0,0,0,0,1,1
1336,50,24,180,94539,1,1.7,1,0,0,0,0,1,1
2622,45,18,42,95126,3,2.5,2,0,0,0,0,0,0
2506,33,7,43,96064,4,0.8,1,0,0,0,0,0,0
2495,35,9,63,92697,2,1.8,1,0,0,0,0,1,0
4504,45,21,33,92374,3,0.5,1,108,0,0,0,1,0
3583,49,25,65,92354,1,0,1,0,0,0,0,1,0
2655,60,36,49,94965,4,2.2,1,204,0,1,0,1,0
1821,47,22,25,90404,1,0.1,1,148,0,0,0,1,0
1921,54,28,31,92130,2,0.4,3,0,0,0,0,0,0
798,42,17,61,94998,3,0.5,3,0,0,0,0,1,0
1733,25,0,88,94566,2,1.8,2,319,0,0,0,1,1
334,63,38,140,92407,1,2.5,1,0,0,0,0,0,0
4762,61,35,74,91320,2,0.7,2,0,0,0,0,1,1
1218,44,20,122,94305,1,0.3,1,0,0,0,0,1,0
1251,47,20,81,94301,1,2.67,2,0,0,0,0,1,0
2084,31,7,38,94025,1,0.2,3,0,0,0,0,1,0
4949,44,20,43,95032,1,0.7,1,0,0,0,0,0,1
3671,38,14,29,94402,4,0.4,2,0,0,0,0,1,0
569,34,9,41,92101,2,0.1,1,161,0,0,0,1,1
495,41,17,160,92647,2,8,1,0,0,0,0,1,0
4280,39,15,80,94608,2,1.8,2,86,0,0,0,1,1
456,30,4,60,91107,4,2.2,2,0,0,0,0,1,0
1091,31,5,79,94720,4,2.2,2,0,0,0,0,0,0
2564,39,13,94,90401,1,1.5,3,0,0,0,0,0,1
4440,33,7,104,94542,2,3.6,3,0,1,0,0,0,1
4576,53,27,115,90095,2,0.5,3,0,1,0,0,0,0
2552,46,22,43,92120,2,2.1,3,0,0,1,1,1,1
1711,31,5,29,95405,2,0.3,2,131,0,0,0,1,1
1321,31,7,192,90250,1,0,2,0,1,0,0,1,0
3164,51,27,52,94132,2,1,3,0,0,0,0,0,0
1288,42,18,54,94010,4,2.2,2,0,0,0,0,0,0
4995,64,40,75,94588,3,2,3,0,0,0,0,1,0
2916,34,9,133,92110,1,3.8,1,0,0,0,0,1,0
1839,31,7,99,94720,1,4,1,0,0,0,0,1,0
4078,26,0,71,92093,4,1.8,2,0,0,1,0,1,0
3313,47,22,190,94550,2,8.8,1,0,0,0,0,0,0
3217,34,8,14,95014,4,0.3,1,0,0,0,0,0,0
4785,52,28,9,90405,2,0.2,1,0,0,0,0,0,0
1614,60,34,52,94305,4,1.7,2,0,0,1,0,1,0
2423,58,32,163,95014,2,0.5,1,400,0,0,0,0,0
250,26,1,55,90089,3,2.6,3,113,0,0,0,0,1
228,47,23,148,94551,2,7.5,1,0,0,0,1,1,1
68,53,23,45,95123,4,2,3,132,0,1,0,0,0
3220,39,15,33,92346,1,2,2,0,0,0,0,0,0
446,58,32,65,94590,3,2.2,3,0,0,0,0,1,0
3264,32,8,84,92093,4,3.4,1,0,0,0,0,1,0
358,38,14,42,94610,1,2,2,81,0,0,0,1,0
1877,62,38,123,90210,1,2.9,1,0,0,0,0,0,0
4797,26,0,42,95032,4,1.3,3,0,0,1,0,0,0
1423,32,8,32,94143,2,1,2,103,0,0,1,1,1
937,62,32,19,92109,1,1.5,3,0,0,1,0,0,0
880,63,37,84,91768,4,1.9,2,0,0,0,0,1,0
2378,47,23,160,92037,2,6.67,1,0,0,0,0,0,0
3876,26,2,119,95351,2,0.6,1,381,0,0,0,1,1
3429,45,21,24,93106,1,0.9,3,0,0,0,0,0,0
4567,24,0,131,92831,1,5.4,1,0,0,0,0,1,0
432,39,13,75,94305,3,2.1,1,224,0,0,0,1,0
4951,47,23,19,90089,1,1,1,0,0,0,0,0,1
535,53,28,41,93117,2,0.6,3,0,0,1,0,0,0
1980,41,17,11,91330,1,1,1,0,0,0,0,0,0
3937,43,18,63,95616,3,0.8,3,0,0,1,0,0,0
1291,62,38,100,90277,4,1.7,2,0,0,0,0,1,0
2699,38,14,122,95819,2,8,1,0,0,0,0,1,1
4141,63,38,32,94015,1,1.5,2,0,0,0,0,0,0
1926,43,19,81,90245,1,0.3,1,218,0,0,0,1,0
719,56,31,21,90024,2,0.2,3,137,0,0,1,1,1
45,46,20,104,94065,1,5.7,1,0,0,0,0,1,1
1916,37,11,69,91911,3,2.1,1,0,0,1,0,0,0
467,25,0,13,91342,2,0.9,3,0,0,0,0,1,0
218,39,14,74,94305,3,3,1,0,0,0,0,0,0
4511,64,39,20,93109,3,0.1,3,0,0,0,0,0,0
3793,62,36,109,92709,4,1.7,3,0,0,0,0,1,0
4872,46,22,53,95616,4,1.9,1,187,0,0,0,0,0
4729,59,35,31,90630,3,0.4,2,0,0,0,0,1,0
3450,57,32,135,90095,3,4.8,2,0,1,1,1,1,0
3813,39,13,52,94720,1,2,1,0,0,0,0,0,1
4390,58,32,40,90057,1,1.6,1,0,0,1,1,1,1
3678,59,33,43,94234,2,0.3,1,0,0,0,0,0,1
1137,47,21,65,94086,1,1.5,2,0,0,1,0,1,0
3726,33,6,78,94305,4,2,2,0,0,0,0,0,0
1527,36,10,80,94608,4,2.2,2,0,0,0,0,1,0
3069,56,26,90,92120,2,4.5,3,0,0,0,0,0,0
4793,36,10,28,90840,4,1,1,130,0,0,0,1,0
2924,51,27,12,91007,2,0.2,1,0,0,0,0,0,0
2283,38,14,90,94110,2,2.7,1,0,0,0,0,1,1
614,60,35,108,94904,1,0.9,1,0,0,1,0,0,0
1458,42,16,25,94304,2,0.8,3,0,0,0,0,0,1
4936,59,33,81,94022,2,1.4,1,0,0,0,0,1,0
812,63,33,52,94720,4,1.67,3,0,0,0,0,0,0
2168,65,40,162,94596,1,1.3,1,0,0,0,0,1,0
1724,39,15,55,95821,1,1.5,3,0,0,0,0,1,0
1599,40,15,85,94550,2,0.4,1,0,0,1,0,0,0
4293,63,37,191,94131,2,4.3,3,205,1,0,0,0,0
3592,58,32,73,94109,2,2.3,3,224,0,0,0,1,1
335,48,23,45,95053,1,1.3,2,0,0,0,0,1,0
468,45,20,39,90232,1,2.4,1,0,0,0,0,0,1
3035,46,21,38,90024,1,2.4,1,130,0,0,0,1,0
3661,38,12,59,93401,2,2.4,2,0,0,0,0,0,0
1899,50,24,43,95630,4,0.1,1,0,0,0,0,1,0
4746,49,23,129,94085,1,0.3,1,0,0,0,0,1,1
275,30,5,74,95616,4,2.2,1,0,0,1,0,0,1
4040,34,9,104,92152,1,4.6,1,0,0,0,0,1,1
1145,49,24,91,95822,1,2.8,2,0,0,0,0,0,0
3292,53,28,38,94998,1,1.3,2,0,0,0,0,1,0
1332,31,7,84,92692,1,0.1,1,0,0,0,0,1,0
4845,31,6,81,90840,2,2.5,1,313,0,0,0,0,0
2974,47,22,82,92084,1,2.9,1,276,0,0,0,1,0
489,37,13,43,94122,3,2.8,1,0,0,0,0,1,0
429,62,38,24,94720,2,1,1,116,0,0,0,0,1
4044,49,23,64,94588,4,2.6,1,0,0,0,0,1,1
4673,52,26,180,95831,1,1.7,1,550,0,0,0,1,0
1241,52,27,15,91320,4,0.8,1,101,0,0,0,0,0
1211,50,24,84,93943,4,4.9,1,0,0,0,0,1,0
4648,59,35,43,95616,4,1.3,1,0,0,0,0,1,0
2769,48,22,163,95819,1,2.4,1,396,0,0,0,1,0
534,27,2,101,92807,1,1.9,1,0,0,0,0,0,0
1596,56,26,38,94305,3,1,3,110,0,1,0,1,0
1441,42,15,41,94610,3,2.5,2,0,0,0,0,1,0
2296,53,23,39,92101,3,1,3,87,0,0,0,1,0
4635,42,17,29,94928,1,0.6,3,0,0,0,0,1,0
1894,49,24,13,94608,1,0.4,3,101,0,1,0,0,0
419,27,0,33,90089,4,1,3,0,0,0,0,0,0
740,49,23,82,91902,2,2.4,2,0,0,0,0,0,0
3131,23,-2,82,92152,2,1.8,2,0,0,1,0,0,1
471,32,6,84,91006,4,1.8,2,0,0,0,0,0,0
2257,56,31,13,94305,4,0.9,2,76,0,0,1,1,1
3529,43,17,41,90210,3,2.2,2,0,0,0,0,1,0
3878,29,4,41,93105,1,1,1,0,0,0,0,0,0
2698,57,32,44,93407,3,0.5,2,0,0,0,0,1,0
626,52,28,64,95605,2,1,3,211,0,0,0,1,0
1715,51,27,155,94720,2,0.4,1,107,0,0,0,0,1
1692,56,32,48,94117,1,1.6,3,0,0,0,0,0,1
2356,56,31,74,94920,3,1.6,3,0,0,0,0,1,1
3610,29,5,162,94022,1,4.3,1,0,0,0,0,0,1
1822,32,7,54,96008,4,1.3,1,0,0,1,0,1,0
4972,58,28,73,90024,1,1.4,3,0,0,1,0,0,0
2685,30,5,98,92028,4,1.8,3,129,0,1,1,1,1
3601,44,20,38,90018,2,2.1,3,95,0,0,0,1,0
650,25,-1,82,92677,4,2.1,3,0,0,0,0,1,0
3546,48,22,174,95827,1,2.4,1,0,0,0,0,1,0
1564,55,29,19,92109,4,0.7,3,121,0,1,0,0,1
825,39,15,72,94801,4,2.4,1,0,0,1,0,1,0
4036,34,9,180,93955,2,6.5,3,0,1,0,1,1,0
1496,52,28,178,92647,3,5.4,3,147,1,0,0,1,0
2749,32,7,82,94305,1,2.6,2,240,0,0,1,1,1
2630,44,18,18,93943,2,0.1,3,0,0,0,0,1,0
2335,45,21,69,90025,4,1.9,1,0,0,0,0,0,0
4279,56,31,51,92028,3,1.7,1,0,0,0,0,1,1
4027,27,1,142,92038,3,5.5,1,0,1,0,0,0,0
1324,52,26,45,91604,3,0.6,2,0,0,0,0,0,0
